﻿<?xml version="1.0" encoding="utf-8" ?>
<Books title="ASP.NET3.5书籍">
   <Book title="ASP.NET3.5案例教程">
        <Chapter title="第1章Web应用基础及案例介绍">
            <Section title="1.1Web应用概述" />
            <Section title="1.2Web应用的相关技术" />
        </Chapter>
        <Chapter title="第2章Visual Studio2008集成开发环境简介">
            <Section title="2.1Visual Studio 2008的安装" />
            <Section title="2.2开发中常用窗口" />
        </Chapter>
    </Book>
    <Book Title="ASP.NET 2.0网络开发技术">
        <Chapter title="第1章ASP.NET 2.0网络开发技术">
            <Section title="1.1ASP.NET 2.0概述" />
            <Section title="1.2ASP.NET 2.0动态网页" />
        </Chapter>
        <Chapter title="第2章类、对象、命名空间">
            <Section title="2.1类和对象" />
            <Section title="2.2类的成员" />
        </Chapter>
    </Book>
</Books>